Timestamp,Symbol,Ask,Bid
2026-02-26 23:33:29.024,XAUUSD,5190.890,5190.850
2026-02-26 23:33:30.045,XAUUSD,5190.890,5190.850
2026-02-26 23:33:31.025,XAUUSD,5190.890,5190.850
2026-02-26 23:33:32.022,XAUUSD,5190.890,5190.850
2026-02-26 23:33:33.041,XAUUSD,5190.890,5190.850
2026-02-26 23:33:34.038,XAUUSD,5190.890,5190.850
2026-02-26 23:33:35.034,XAUUSD,5190.890,5190.850
2026-02-26 23:33:36.026,XAUUSD,5190.890,5190.850
2026-02-26 23:33:37.021,XAUUSD,5190.890,5190.850
2026-02-26 23:33:38.045,XAUUSD,5190.890,5190.850
2026-02-26 23:33:39.020,XAUUSD,5190.890,5190.850
2026-02-26 23:33:40.022,XAUUSD,5190.890,5190.850
2026-02-26 23:33:41.033,XAUUSD,5190.890,5190.850
2026-02-26 23:33:42.032,XAUUSD,5190.890,5190.850
2026-02-26 23:33:43.025,XAUUSD,5190.890,5190.850
2026-02-26 23:33:44.021,XAUUSD,5190.890,5190.850
2026-02-26 23:33:45.031,XAUUSD,5190.890,5190.850
2026-02-26 23:33:46.027,XAUUSD,5190.890,5190.850
2026-02-26 23:33:47.023,XAUUSD,5190.890,5190.850
2026-02-26 23:33:48.025,XAUUSD,5190.890,5190.850
2026-02-26 23:33:49.026,XAUUSD,5190.890,5190.850
2026-02-26 23:33:50.033,XAUUSD,5190.890,5190.850
2026-02-26 23:33:51.028,XAUUSD,5190.890,5190.850
2026-02-26 23:33:52.022,XAUUSD,5190.890,5190.850
2026-02-26 23:33:53.032,XAUUSD,5190.890,5190.850
2026-02-26 23:33:54.038,XAUUSD,5190.890,5190.850
2026-02-26 23:33:55.035,XAUUSD,5190.890,5190.850
2026-02-26 23:33:56.032,XAUUSD,5190.890,5190.850
2026-02-26 23:33:57.025,XAUUSD,5190.890,5190.850
2026-02-26 23:33:58.027,XAUUSD,5190.890,5190.850
2026-02-26 23:33:59.026,XAUUSD,5190.890,5190.850
2026-02-26 23:34:00.019,XAUUSD,5190.890,5190.850
2026-02-26 23:34:01.031,XAUUSD,5190.890,5190.850
2026-02-26 23:34:02.028,XAUUSD,5190.890,5190.850
2026-02-26 23:34:03.025,XAUUSD,5190.890,5190.850
2026-02-26 23:34:04.019,XAUUSD,5190.890,5190.850
2026-02-26 23:34:05.022,XAUUSD,5190.890,5190.850
2026-02-26 23:34:06.036,XAUUSD,5190.890,5190.850
2026-02-26 23:34:07.036,XAUUSD,5190.890,5190.850
2026-02-26 23:34:08.037,XAUUSD,5190.890,5190.850
2026-02-26 23:34:09.042,XAUUSD,5190.890,5190.850
2026-02-26 23:34:10.040,XAUUSD,5190.890,5190.850
2026-02-26 23:34:11.043,XAUUSD,5190.890,5190.850
2026-02-26 23:34:12.025,XAUUSD,5190.890,5190.850
2026-02-26 23:34:13.019,XAUUSD,5190.890,5190.850
2026-02-26 23:34:14.018,XAUUSD,5190.890,5190.850
2026-02-26 23:34:15.023,XAUUSD,5190.890,5190.850
2026-02-26 23:34:16.027,XAUUSD,5190.890,5190.850
2026-02-26 23:34:17.020,XAUUSD,5190.890,5190.850
2026-02-26 23:34:18.020,XAUUSD,5190.890,5190.850
2026-02-26 23:34:19.028,XAUUSD,5190.890,5190.850
2026-02-26 23:34:20.023,XAUUSD,5190.890,5190.850
2026-02-26 23:34:21.076,XAUUSD,5190.890,5190.850
2026-02-26 23:34:22.080,XAUUSD,5190.890,5190.850
2026-02-26 23:34:23.028,XAUUSD,5190.890,5190.850
2026-02-26 23:34:24.023,XAUUSD,5190.890,5190.850
2026-02-26 23:34:25.025,XAUUSD,5190.890,5190.850
2026-02-26 23:34:26.020,XAUUSD,5190.890,5190.850
2026-02-26 23:34:27.027,XAUUSD,5190.890,5190.850
2026-02-26 23:34:28.023,XAUUSD,5190.890,5190.850
2026-02-26 23:34:29.019,XAUUSD,5190.890,5190.850
2026-02-26 23:34:30.018,XAUUSD,5190.890,5190.850
2026-02-26 23:34:31.024,XAUUSD,5190.890,5190.850
2026-02-26 23:34:32.023,XAUUSD,5190.890,5190.850
2026-02-26 23:34:33.030,XAUUSD,5190.890,5190.850
2026-02-26 23:34:34.023,XAUUSD,5190.890,5190.850
2026-02-26 23:34:35.022,XAUUSD,5190.890,5190.850
2026-02-26 23:34:36.024,XAUUSD,5190.890,5190.850
2026-02-26 23:34:37.034,XAUUSD,5190.890,5190.850
2026-02-26 23:34:38.034,XAUUSD,5190.890,5190.850
2026-02-26 23:34:39.030,XAUUSD,5190.890,5190.850
2026-02-26 23:34:40.029,XAUUSD,5190.890,5190.850
2026-02-26 23:34:41.026,XAUUSD,5190.890,5190.850
2026-02-26 23:34:42.023,XAUUSD,5190.890,5190.850
2026-02-26 23:34:43.024,XAUUSD,5190.890,5190.850
2026-02-26 23:34:44.027,XAUUSD,5190.890,5190.850
2026-02-26 23:34:45.023,XAUUSD,5190.890,5190.850
2026-02-26 23:34:46.017,XAUUSD,5190.890,5190.850
2026-02-26 23:34:47.034,XAUUSD,5190.890,5190.850
2026-02-26 23:34:48.031,XAUUSD,5190.890,5190.850
2026-02-26 23:34:49.024,XAUUSD,5190.890,5190.850
2026-02-26 23:34:50.018,XAUUSD,5190.890,5190.850
2026-02-26 23:34:51.034,XAUUSD,5190.890,5190.850
2026-02-26 23:34:52.025,XAUUSD,5190.890,5190.850
2026-02-26 23:34:53.022,XAUUSD,5190.890,5190.850
2026-02-26 23:34:54.029,XAUUSD,5190.890,5190.850
2026-02-26 23:34:55.022,XAUUSD,5190.890,5190.850
2026-02-26 23:34:56.025,XAUUSD,5190.890,5190.850
2026-02-26 23:34:57.026,XAUUSD,5190.890,5190.850
2026-02-26 23:34:58.021,XAUUSD,5190.890,5190.850
2026-02-26 23:34:59.023,XAUUSD,5190.890,5190.850
2026-02-26 23:35:00.056,XAUUSD,5190.890,5190.850
2026-02-26 23:35:01.032,XAUUSD,5190.890,5190.850
2026-02-26 23:35:02.032,XAUUSD,5190.890,5190.850
2026-02-26 23:35:03.018,XAUUSD,5190.890,5190.850
2026-02-26 23:35:04.022,XAUUSD,5190.890,5190.850
2026-02-26 23:35:05.034,XAUUSD,5190.890,5190.850
2026-02-26 23:35:06.030,XAUUSD,5190.890,5190.850
2026-02-26 23:35:07.030,XAUUSD,5190.890,5190.850
2026-02-26 23:35:08.029,XAUUSD,5190.890,5190.850
2026-02-26 23:35:09.030,XAUUSD,5190.890,5190.850
2026-02-26 23:35:10.027,XAUUSD,5190.890,5190.850
2026-02-26 23:35:11.031,XAUUSD,5190.890,5190.850
2026-02-26 23:35:12.028,XAUUSD,5190.890,5190.850
2026-02-26 23:35:13.024,XAUUSD,5190.890,5190.850
2026-02-26 23:35:14.020,XAUUSD,5190.890,5190.850
2026-02-26 23:35:15.022,XAUUSD,5190.890,5190.850
2026-02-26 23:35:16.021,XAUUSD,5190.890,5190.850
2026-02-26 23:35:17.020,XAUUSD,5190.890,5190.850
2026-02-26 23:35:18.021,XAUUSD,5190.890,5190.850
2026-02-26 23:35:19.029,XAUUSD,5190.890,5190.850
2026-02-26 23:35:20.027,XAUUSD,5190.890,5190.850
2026-02-26 23:35:21.025,XAUUSD,5190.890,5190.850
2026-02-26 23:35:22.026,XAUUSD,5190.890,5190.850
2026-02-26 23:35:23.024,XAUUSD,5190.890,5190.850
2026-02-26 23:35:24.022,XAUUSD,5190.890,5190.850
2026-02-26 23:35:25.023,XAUUSD,5190.890,5190.850
2026-02-26 23:35:26.027,XAUUSD,5190.890,5190.850
2026-02-26 23:35:27.023,XAUUSD,5190.890,5190.850
2026-02-26 23:35:28.023,XAUUSD,5190.890,5190.850
2026-02-26 23:35:29.023,XAUUSD,5190.890,5190.850
2026-02-26 23:35:30.049,XAUUSD,5190.890,5190.850
2026-02-26 23:35:31.023,XAUUSD,5190.890,5190.850
2026-02-26 23:35:32.021,XAUUSD,5190.890,5190.850
2026-02-26 23:35:33.020,XAUUSD,5190.890,5190.850
2026-02-26 23:35:34.024,XAUUSD,5190.890,5190.850
2026-02-26 23:35:35.028,XAUUSD,5190.890,5190.850
2026-02-26 23:35:36.019,XAUUSD,5190.890,5190.850
2026-02-26 23:35:37.033,XAUUSD,5190.890,5190.850
2026-02-26 23:35:38.026,XAUUSD,5190.890,5190.850
2026-02-26 23:35:39.026,XAUUSD,5190.890,5190.850
2026-02-26 23:35:40.020,XAUUSD,5190.890,5190.850
2026-02-26 23:35:41.025,XAUUSD,5190.890,5190.850
2026-02-26 23:35:42.022,XAUUSD,5190.890,5190.850
2026-02-26 23:35:43.019,XAUUSD,5190.890,5190.850
2026-02-26 23:35:44.019,XAUUSD,5190.890,5190.850
2026-02-26 23:35:45.030,XAUUSD,5190.890,5190.850
2026-02-26 23:35:46.025,XAUUSD,5190.890,5190.850
2026-02-26 23:35:47.023,XAUUSD,5190.890,5190.850
2026-02-26 23:35:48.016,XAUUSD,5190.890,5190.850
2026-02-26 23:35:49.024,XAUUSD,5190.890,5190.850
2026-02-26 23:35:50.018,XAUUSD,5190.890,5190.850
2026-02-26 23:35:51.020,XAUUSD,5190.890,5190.850
2026-02-26 23:35:52.023,XAUUSD,5190.890,5190.850
2026-02-26 23:35:53.026,XAUUSD,5190.890,5190.850
2026-02-26 23:35:54.022,XAUUSD,5190.890,5190.850
2026-02-26 23:35:55.020,XAUUSD,5190.890,5190.850
2026-02-26 23:35:56.021,XAUUSD,5190.890,5190.850
2026-02-26 23:35:57.016,XAUUSD,5190.890,5190.850
2026-02-26 23:35:58.012,XAUUSD,5190.890,5190.850
2026-02-26 23:35:59.021,XAUUSD,5190.890,5190.850
2026-02-26 23:36:00.022,XAUUSD,5190.890,5190.850
2026-02-26 23:36:01.016,XAUUSD,5190.890,5190.850
2026-02-26 23:36:02.020,XAUUSD,5190.890,5190.850
2026-02-26 23:36:03.023,XAUUSD,5190.890,5190.850
2026-02-26 23:36:04.020,XAUUSD,5190.890,5190.850
2026-02-26 23:36:05.017,XAUUSD,5190.890,5190.850
2026-02-26 23:36:06.027,XAUUSD,5190.890,5190.850
2026-02-26 23:36:07.028,XAUUSD,5190.890,5190.850
2026-02-26 23:36:08.021,XAUUSD,5190.890,5190.850
2026-02-26 23:36:09.029,XAUUSD,5190.890,5190.850
2026-02-26 23:36:10.023,XAUUSD,5190.890,5190.850
2026-02-26 23:36:11.022,XAUUSD,5190.890,5190.850
2026-02-26 23:36:12.017,XAUUSD,5190.890,5190.850
2026-02-26 23:36:13.028,XAUUSD,5190.890,5190.850
2026-02-26 23:36:14.018,XAUUSD,5190.890,5190.850
2026-02-26 23:36:15.050,XAUUSD,5190.890,5190.850
2026-02-26 23:36:16.028,XAUUSD,5190.890,5190.850
2026-02-26 23:36:17.024,XAUUSD,5190.890,5190.850
2026-02-26 23:36:18.010,XAUUSD,5190.890,5190.850
2026-02-26 23:36:19.017,XAUUSD,5190.890,5190.850
2026-02-26 23:36:20.018,XAUUSD,5190.890,5190.850
2026-02-26 23:36:21.032,XAUUSD,5190.890,5190.850
2026-02-26 23:36:22.029,XAUUSD,5190.890,5190.850
2026-02-26 23:36:23.018,XAUUSD,5190.890,5190.850
2026-02-26 23:36:24.024,XAUUSD,5190.890,5190.850
2026-02-26 23:36:25.063,XAUUSD,5190.890,5190.850
2026-02-26 23:36:26.030,XAUUSD,5190.890,5190.850
2026-02-26 23:36:27.040,XAUUSD,5190.890,5190.850
2026-02-26 23:36:28.032,XAUUSD,5190.890,5190.850
2026-02-26 23:36:29.036,XAUUSD,5190.890,5190.850
2026-02-26 23:36:30.009,XAUUSD,5190.890,5190.850
2026-02-26 23:36:31.015,XAUUSD,5190.890,5190.850
2026-02-26 23:36:32.030,XAUUSD,5190.890,5190.850
2026-02-26 23:36:33.031,XAUUSD,5190.890,5190.850
2026-02-26 23:36:34.016,XAUUSD,5190.890,5190.850
2026-02-26 23:36:35.031,XAUUSD,5190.890,5190.850
2026-02-26 23:36:36.029,XAUUSD,5190.890,5190.850
2026-02-26 23:36:37.030,XAUUSD,5190.890,5190.850
2026-02-26 23:36:38.078,XAUUSD,5190.890,5190.850
2026-02-26 23:36:39.021,XAUUSD,5190.890,5190.850
2026-02-26 23:36:40.030,XAUUSD,5190.890,5190.850
2026-02-26 23:36:41.026,XAUUSD,5190.890,5190.850
2026-02-26 23:36:42.017,XAUUSD,5190.890,5190.850
2026-02-26 23:36:43.030,XAUUSD,5190.890,5190.850
2026-02-26 23:36:44.028,XAUUSD,5190.890,5190.850
2026-02-26 23:36:45.030,XAUUSD,5190.890,5190.850
2026-02-26 23:36:46.043,XAUUSD,5190.890,5190.850
2026-02-26 23:36:47.035,XAUUSD,5190.890,5190.850
2026-02-26 23:36:48.035,XAUUSD,5190.890,5190.850
2026-02-26 23:36:49.027,XAUUSD,5190.890,5190.850
2026-02-26 23:36:50.022,XAUUSD,5190.890,5190.850
2026-02-26 23:36:51.020,XAUUSD,5190.890,5190.850
2026-02-26 23:36:52.016,XAUUSD,5190.890,5190.850
2026-02-26 23:36:53.019,XAUUSD,5190.890,5190.850
2026-02-26 23:36:54.020,XAUUSD,5190.890,5190.850
2026-02-26 23:36:55.024,XAUUSD,5190.890,5190.850
2026-02-26 23:36:56.024,XAUUSD,5190.890,5190.850
2026-02-26 23:36:57.022,XAUUSD,5190.890,5190.850
2026-02-26 23:36:58.018,XAUUSD,5190.890,5190.850
2026-02-26 23:36:59.027,XAUUSD,5190.890,5190.850
2026-02-26 23:37:00.036,XAUUSD,5190.890,5190.850
2026-02-26 23:37:01.037,XAUUSD,5190.890,5190.850
2026-02-26 23:37:02.019,XAUUSD,5190.890,5190.850
2026-02-26 23:37:03.013,XAUUSD,5190.890,5190.850
2026-02-26 23:37:04.018,XAUUSD,5190.890,5190.850
2026-02-26 23:37:05.012,XAUUSD,5190.890,5190.850
2026-02-26 23:37:06.025,XAUUSD,5190.890,5190.850
2026-02-26 23:37:07.031,XAUUSD,5190.890,5190.850
2026-02-26 23:37:08.034,XAUUSD,5190.890,5190.850
2026-02-26 23:37:09.028,XAUUSD,5190.890,5190.850
2026-02-26 23:37:10.016,XAUUSD,5190.890,5190.850
2026-02-26 23:37:11.021,XAUUSD,5190.890,5190.850
2026-02-26 23:37:12.029,XAUUSD,5190.890,5190.850
2026-02-26 23:37:13.024,XAUUSD,5190.890,5190.850
2026-02-26 23:37:14.018,XAUUSD,5190.890,5190.850
2026-02-26 23:37:15.016,XAUUSD,5190.890,5190.850
2026-02-26 23:37:16.019,XAUUSD,5190.890,5190.850
2026-02-26 23:37:17.041,XAUUSD,5190.890,5190.850
2026-02-26 23:37:18.019,XAUUSD,5190.890,5190.850
2026-02-26 23:37:19.024,XAUUSD,5190.890,5190.850
2026-02-26 23:37:20.029,XAUUSD,5190.890,5190.850
2026-02-26 23:37:21.025,XAUUSD,5190.890,5190.850
2026-02-26 23:37:22.024,XAUUSD,5190.890,5190.850
2026-02-26 23:37:23.023,XAUUSD,5190.890,5190.850
2026-02-26 23:37:24.025,XAUUSD,5190.890,5190.850
2026-02-26 23:37:25.016,XAUUSD,5190.890,5190.850
2026-02-26 23:37:26.020,XAUUSD,5190.890,5190.850
2026-02-26 23:37:27.034,XAUUSD,5190.890,5190.850
2026-02-26 23:37:28.026,XAUUSD,5190.890,5190.850
2026-02-26 23:37:29.023,XAUUSD,5190.890,5190.850
2026-02-26 23:37:30.020,XAUUSD,5190.890,5190.850
2026-02-26 23:37:31.025,XAUUSD,5190.890,5190.850
2026-02-26 23:37:32.030,XAUUSD,5190.890,5190.850
2026-02-26 23:37:33.028,XAUUSD,5190.890,5190.850
2026-02-26 23:37:34.026,XAUUSD,5190.890,5190.850
2026-02-26 23:37:35.011,XAUUSD,5190.890,5190.850
2026-02-26 23:37:36.017,XAUUSD,5190.890,5190.850
2026-02-26 23:37:37.038,XAUUSD,5190.890,5190.850
2026-02-26 23:37:38.019,XAUUSD,5190.890,5190.850
2026-02-26 23:37:39.024,XAUUSD,5190.890,5190.850
2026-02-26 23:37:40.019,XAUUSD,5190.890,5190.850
2026-02-26 23:37:41.020,XAUUSD,5190.890,5190.850
2026-02-26 23:37:42.023,XAUUSD,5190.890,5190.850
2026-02-26 23:37:43.024,XAUUSD,5190.890,5190.850
2026-02-26 23:37:44.021,XAUUSD,5190.890,5190.850
2026-02-26 23:37:45.015,XAUUSD,5190.890,5190.850
2026-02-26 23:37:46.024,XAUUSD,5190.890,5190.850
2026-02-26 23:37:47.027,XAUUSD,5190.890,5190.850
2026-02-26 23:37:48.032,XAUUSD,5190.890,5190.850
2026-02-26 23:37:49.007,XAUUSD,5190.890,5190.850
2026-02-26 23:37:50.011,XAUUSD,5190.890,5190.850
2026-02-26 23:37:51.018,XAUUSD,5190.890,5190.850
2026-02-26 23:37:52.015,XAUUSD,5190.890,5190.850
2026-02-26 23:37:53.028,XAUUSD,5190.890,5190.850
2026-02-26 23:37:54.029,XAUUSD,5190.890,5190.850
2026-02-26 23:37:55.022,XAUUSD,5190.890,5190.850
2026-02-26 23:37:56.019,XAUUSD,5190.890,5190.850
2026-02-26 23:37:57.019,XAUUSD,5190.890,5190.850
2026-02-26 23:37:58.017,XAUUSD,5190.890,5190.850
2026-02-26 23:37:59.014,XAUUSD,5190.890,5190.850
2026-02-26 23:38:00.016,XAUUSD,5190.890,5190.850
2026-02-26 23:38:01.013,XAUUSD,5190.890,5190.850
2026-02-26 23:38:02.023,XAUUSD,5190.890,5190.850
2026-02-26 23:38:03.018,XAUUSD,5190.890,5190.850
2026-02-26 23:38:04.014,XAUUSD,5190.890,5190.850
2026-02-26 23:38:05.038,XAUUSD,5190.890,5190.850
2026-02-26 23:38:06.016,XAUUSD,5190.890,5190.850
2026-02-26 23:38:07.030,XAUUSD,5190.890,5190.850
2026-02-26 23:38:08.023,XAUUSD,5190.890,5190.850
2026-02-26 23:38:09.023,XAUUSD,5190.890,5190.850
2026-02-26 23:38:10.019,XAUUSD,5190.890,5190.850
2026-02-26 23:38:11.024,XAUUSD,5190.890,5190.850
2026-02-26 23:38:12.024,XAUUSD,5190.890,5190.850
2026-02-26 23:38:13.017,XAUUSD,5190.890,5190.850
2026-02-26 23:38:14.111,XAUUSD,5190.890,5190.850
2026-02-26 23:38:15.026,XAUUSD,5190.890,5190.850
2026-02-26 23:38:16.014,XAUUSD,5190.890,5190.850
2026-02-26 23:38:17.031,XAUUSD,5190.890,5190.850
2026-02-26 23:38:18.032,XAUUSD,5190.890,5190.850
2026-02-26 23:38:19.034,XAUUSD,5190.890,5190.850
2026-02-26 23:38:20.024,XAUUSD,5190.890,5190.850
2026-02-26 23:38:21.030,XAUUSD,5190.890,5190.850
2026-02-26 23:38:22.043,XAUUSD,5190.890,5190.850
2026-02-26 23:38:23.025,XAUUSD,5190.890,5190.850
2026-02-26 23:38:24.023,XAUUSD,5190.890,5190.850
2026-02-26 23:38:25.029,XAUUSD,5190.890,5190.850
2026-02-26 23:38:26.023,XAUUSD,5190.890,5190.850
2026-02-26 23:38:27.049,XAUUSD,5190.890,5190.850
2026-02-26 23:38:28.025,XAUUSD,5190.890,5190.850
2026-02-26 23:38:29.022,XAUUSD,5190.890,5190.850
2026-02-26 23:38:30.017,XAUUSD,5190.890,5190.850
2026-02-26 23:38:31.015,XAUUSD,5190.890,5190.850
2026-02-26 23:38:32.027,XAUUSD,5190.890,5190.850
2026-02-26 23:38:33.030,XAUUSD,5190.890,5190.850
2026-02-26 23:38:34.030,XAUUSD,5190.890,5190.850
2026-02-26 23:38:35.034,XAUUSD,5190.890,5190.850
2026-02-26 23:38:36.030,XAUUSD,5190.890,5190.850
2026-02-26 23:38:37.024,XAUUSD,5190.890,5190.850
2026-02-26 23:38:38.022,XAUUSD,5190.890,5190.850
2026-02-26 23:38:39.018,XAUUSD,5190.890,5190.850
2026-02-26 23:38:40.018,XAUUSD,5190.890,5190.850
2026-02-26 23:38:41.023,XAUUSD,5190.890,5190.850
2026-02-26 23:38:42.022,XAUUSD,5190.890,5190.850
2026-02-26 23:38:43.020,XAUUSD,5190.890,5190.850
2026-02-26 23:38:44.017,XAUUSD,5190.890,5190.850
2026-02-26 23:38:45.030,XAUUSD,5190.890,5190.850
2026-02-26 23:38:46.023,XAUUSD,5190.890,5190.850
2026-02-26 23:38:47.019,XAUUSD,5190.890,5190.850
2026-02-26 23:38:48.019,XAUUSD,5190.890,5190.850
2026-02-26 23:38:49.027,XAUUSD,5190.890,5190.850
2026-02-26 23:38:50.026,XAUUSD,5190.890,5190.850
2026-02-26 23:38:51.025,XAUUSD,5190.890,5190.850
2026-02-26 23:38:52.028,XAUUSD,5190.890,5190.850
2026-02-26 23:38:53.025,XAUUSD,5190.890,5190.850
2026-02-26 23:38:54.026,XAUUSD,5190.890,5190.850
2026-02-26 23:38:55.024,XAUUSD,5190.890,5190.850
2026-02-26 23:38:56.024,XAUUSD,5190.890,5190.850
2026-02-26 23:38:57.019,XAUUSD,5190.890,5190.850
2026-02-26 23:38:58.014,XAUUSD,5190.890,5190.850
2026-02-26 23:38:59.013,XAUUSD,5190.890,5190.850
2026-02-26 23:39:00.019,XAUUSD,5190.890,5190.850
2026-02-26 23:39:01.014,XAUUSD,5190.890,5190.850
2026-02-26 23:39:02.036,XAUUSD,5190.890,5190.850
2026-02-26 23:39:03.019,XAUUSD,5190.890,5190.850
2026-02-26 23:39:04.016,XAUUSD,5190.890,5190.850
2026-02-26 23:39:05.019,XAUUSD,5190.890,5190.850
2026-02-26 23:39:06.015,XAUUSD,5190.890,5190.850
2026-02-26 23:39:07.022,XAUUSD,5190.890,5190.850
2026-02-26 23:39:08.019,XAUUSD,5190.890,5190.850
2026-02-26 23:39:09.018,XAUUSD,5190.890,5190.850
2026-02-26 23:39:10.013,XAUUSD,5190.890,5190.850
2026-02-26 23:39:11.016,XAUUSD,5190.890,5190.850
2026-02-26 23:39:12.033,XAUUSD,5190.890,5190.850
2026-02-26 23:39:13.053,XAUUSD,5190.890,5190.850
2026-02-26 23:39:14.025,XAUUSD,5190.890,5190.850
2026-02-26 23:39:15.026,XAUUSD,5190.890,5190.850
2026-02-26 23:39:16.022,XAUUSD,5190.890,5190.850
2026-02-26 23:39:17.019,XAUUSD,5190.890,5190.850
2026-02-26 23:39:18.020,XAUUSD,5190.890,5190.850
2026-02-26 23:39:19.025,XAUUSD,5190.890,5190.850
2026-02-26 23:39:20.030,XAUUSD,5190.890,5190.850
2026-02-26 23:39:21.046,XAUUSD,5190.890,5190.850
2026-02-26 23:39:22.028,XAUUSD,5190.890,5190.850
2026-02-26 23:39:23.028,XAUUSD,5190.890,5190.850
2026-02-26 23:39:24.028,XAUUSD,5190.890,5190.850
2026-02-26 23:39:25.028,XAUUSD,5190.890,5190.850
2026-02-26 23:39:26.041,XAUUSD,5190.890,5190.850
2026-02-26 23:39:27.027,XAUUSD,5190.890,5190.850
2026-02-26 23:39:28.022,XAUUSD,5190.890,5190.850
2026-02-26 23:39:29.015,XAUUSD,5190.890,5190.850
2026-02-26 23:39:30.019,XAUUSD,5190.890,5190.850
2026-02-26 23:39:31.037,XAUUSD,5190.890,5190.850
2026-02-26 23:39:32.021,XAUUSD,5190.890,5190.850
2026-02-26 23:39:33.016,XAUUSD,5190.890,5190.850
2026-02-26 23:39:34.014,XAUUSD,5190.890,5190.850
2026-02-26 23:39:35.014,XAUUSD,5190.890,5190.850
2026-02-26 23:39:36.014,XAUUSD,5190.890,5190.850
2026-02-26 23:39:37.013,XAUUSD,5190.890,5190.850
2026-02-26 23:39:38.012,XAUUSD,5190.890,5190.850
2026-02-26 23:39:39.010,XAUUSD,5190.890,5190.850
2026-02-26 23:39:40.023,XAUUSD,5190.890,5190.850
2026-02-26 23:39:41.024,XAUUSD,5190.890,5190.850
2026-02-26 23:39:42.023,XAUUSD,5190.890,5190.850
2026-02-26 23:39:43.027,XAUUSD,5190.890,5190.850
2026-02-26 23:39:44.013,XAUUSD,5190.890,5190.850
2026-02-26 23:39:45.015,XAUUSD,5190.890,5190.850
2026-02-26 23:39:46.013,XAUUSD,5190.890,5190.850
2026-02-26 23:39:47.018,XAUUSD,5190.890,5190.850
2026-02-26 23:39:48.014,XAUUSD,5190.890,5190.850
2026-02-26 23:39:49.022,XAUUSD,5190.890,5190.850
2026-02-26 23:39:50.022,XAUUSD,5190.890,5190.850
2026-02-26 23:39:51.021,XAUUSD,5190.890,5190.850
2026-02-26 23:39:52.016,XAUUSD,5190.890,5190.850
2026-02-26 23:39:53.014,XAUUSD,5190.890,5190.850
2026-02-26 23:39:54.008,XAUUSD,5190.890,5190.850
2026-02-26 23:39:55.012,XAUUSD,5190.890,5190.850
2026-02-26 23:39:56.016,XAUUSD,5190.890,5190.850
2026-02-26 23:39:57.015,XAUUSD,5190.890,5190.850
2026-02-26 23:39:58.017,XAUUSD,5190.890,5190.850
2026-02-26 23:39:59.014,XAUUSD,5190.890,5190.850
2026-02-26 23:40:00.014,XAUUSD,5190.890,5190.850
2026-02-26 23:40:01.016,XAUUSD,5190.890,5190.850
2026-02-26 23:40:02.020,XAUUSD,5190.890,5190.850
2026-02-26 23:40:03.015,XAUUSD,5190.890,5190.850
2026-02-26 23:40:04.014,XAUUSD,5190.890,5190.850
2026-02-26 23:40:05.012,XAUUSD,5190.890,5190.850
2026-02-26 23:40:06.022,XAUUSD,5190.890,5190.850
2026-02-26 23:40:07.015,XAUUSD,5190.890,5190.850
2026-02-26 23:40:08.015,XAUUSD,5190.890,5190.850
2026-02-26 23:40:09.014,XAUUSD,5190.890,5190.850
2026-02-26 23:40:10.014,XAUUSD,5190.890,5190.850
2026-02-26 23:40:11.023,XAUUSD,5190.890,5190.850
2026-02-26 23:40:12.022,XAUUSD,5190.890,5190.850
2026-02-26 23:40:13.030,XAUUSD,5190.890,5190.850
2026-02-26 23:40:14.039,XAUUSD,5190.890,5190.850
2026-02-26 23:40:15.020,XAUUSD,5190.890,5190.850
2026-02-26 23:40:16.017,XAUUSD,5190.890,5190.850
2026-02-26 23:40:17.011,XAUUSD,5190.890,5190.850
2026-02-26 23:40:18.026,XAUUSD,5190.890,5190.850
2026-02-26 23:40:19.025,XAUUSD,5190.890,5190.850
2026-02-26 23:40:20.023,XAUUSD,5190.890,5190.850
2026-02-26 23:40:21.030,XAUUSD,5190.890,5190.850
2026-02-26 23:40:22.038,XAUUSD,5190.890,5190.850
2026-02-26 23:40:23.015,XAUUSD,5190.890,5190.850
2026-02-26 23:40:24.038,XAUUSD,5190.890,5190.850
2026-02-26 23:40:25.017,XAUUSD,5190.890,5190.850
2026-02-26 23:40:26.040,XAUUSD,5190.890,5190.850
2026-02-26 23:40:27.025,XAUUSD,5190.890,5190.850
2026-02-26 23:40:28.022,XAUUSD,5190.890,5190.850
2026-02-26 23:40:29.017,XAUUSD,5190.890,5190.850
2026-02-26 23:40:30.016,XAUUSD,5190.890,5190.850
2026-02-26 23:40:31.025,XAUUSD,5190.890,5190.850
2026-02-26 23:40:32.023,XAUUSD,5190.890,5190.850
2026-02-26 23:40:33.025,XAUUSD,5190.890,5190.850
2026-02-26 23:40:34.015,XAUUSD,5190.890,5190.850
2026-02-26 23:40:35.020,XAUUSD,5190.890,5190.850
2026-02-26 23:40:36.015,XAUUSD,5190.890,5190.850
2026-02-26 23:40:37.012,XAUUSD,5190.890,5190.850
2026-02-26 23:40:38.014,XAUUSD,5190.890,5190.850
2026-02-26 23:40:39.022,XAUUSD,5190.890,5190.850
2026-02-26 23:40:40.017,XAUUSD,5190.890,5190.850
2026-02-26 23:40:41.011,XAUUSD,5190.890,5190.850
2026-02-26 23:40:42.028,XAUUSD,5190.890,5190.850
2026-02-26 23:40:43.020,XAUUSD,5190.890,5190.850
2026-02-26 23:40:44.019,XAUUSD,5190.890,5190.850
2026-02-26 23:40:45.027,XAUUSD,5190.890,5190.850
2026-02-26 23:40:46.024,XAUUSD,5190.890,5190.850
2026-02-26 23:40:47.022,XAUUSD,5190.890,5190.850
2026-02-26 23:40:48.038,XAUUSD,5190.890,5190.850
2026-02-26 23:40:49.020,XAUUSD,5190.890,5190.850
2026-02-26 23:40:50.014,XAUUSD,5190.890,5190.850
2026-02-26 23:40:51.025,XAUUSD,5190.890,5190.850
2026-02-26 23:40:52.023,XAUUSD,5190.890,5190.850
2026-02-26 23:40:53.027,XAUUSD,5190.890,5190.850
2026-02-26 23:40:54.016,XAUUSD,5190.890,5190.850
2026-02-26 23:40:55.025,XAUUSD,5190.890,5190.850
2026-02-26 23:40:56.026,XAUUSD,5190.890,5190.850
2026-02-26 23:40:57.024,XAUUSD,5190.890,5190.850
2026-02-26 23:40:58.016,XAUUSD,5190.890,5190.850
2026-02-26 23:40:59.009,XAUUSD,5190.890,5190.850
2026-02-26 23:41:00.021,XAUUSD,5190.890,5190.850
2026-02-26 23:41:01.023,XAUUSD,5190.890,5190.850
2026-02-26 23:41:02.030,XAUUSD,5190.890,5190.850
2026-02-26 23:41:03.025,XAUUSD,5190.890,5190.850
2026-02-26 23:41:04.019,XAUUSD,5190.890,5190.850
2026-02-26 23:41:05.013,XAUUSD,5190.890,5190.850
2026-02-26 23:41:06.025,XAUUSD,5190.890,5190.850
2026-02-26 23:41:07.024,XAUUSD,5190.890,5190.850
2026-02-26 23:41:08.019,XAUUSD,5190.890,5190.850
2026-02-26 23:41:09.033,XAUUSD,5190.890,5190.850
2026-02-26 23:41:10.020,XAUUSD,5190.890,5190.850
2026-02-26 23:41:11.024,XAUUSD,5190.890,5190.850
2026-02-26 23:41:12.026,XAUUSD,5190.890,5190.850
2026-02-26 23:41:13.027,XAUUSD,5190.890,5190.850
2026-02-26 23:41:14.026,XAUUSD,5190.890,5190.850
2026-02-26 23:41:15.030,XAUUSD,5190.890,5190.850
2026-02-26 23:41:16.039,XAUUSD,5190.890,5190.850
2026-02-26 23:41:17.007,XAUUSD,5190.890,5190.850
2026-02-26 23:41:18.023,XAUUSD,5190.890,5190.850
2026-02-26 23:41:19.021,XAUUSD,5190.890,5190.850
2026-02-26 23:41:20.025,XAUUSD,5190.890,5190.850
2026-02-26 23:41:21.023,XAUUSD,5190.890,5190.850
2026-02-26 23:41:22.014,XAUUSD,5190.890,5190.850
2026-02-26 23:41:23.019,XAUUSD,5190.890,5190.850
2026-02-26 23:41:24.026,XAUUSD,5190.890,5190.850
2026-02-26 23:41:25.024,XAUUSD,5190.890,5190.850
2026-02-26 23:41:26.027,XAUUSD,5190.890,5190.850
2026-02-26 23:41:27.016,XAUUSD,5190.890,5190.850
2026-02-26 23:41:28.022,XAUUSD,5190.890,5190.850
2026-02-26 23:41:29.014,XAUUSD,5190.890,5190.850
2026-02-26 23:41:30.011,XAUUSD,5190.890,5190.850
2026-02-26 23:41:31.017,XAUUSD,5190.890,5190.850
2026-02-26 23:41:32.021,XAUUSD,5190.890,5190.850
2026-02-26 23:41:33.015,XAUUSD,5190.890,5190.850
2026-02-26 23:41:34.022,XAUUSD,5190.890,5190.850
2026-02-26 23:41:35.006,XAUUSD,5190.890,5190.850
2026-02-26 23:41:36.022,XAUUSD,5190.890,5190.850
2026-02-26 23:41:37.017,XAUUSD,5190.890,5190.850
2026-02-26 23:41:38.013,XAUUSD,5190.890,5190.850
2026-02-26 23:41:39.010,XAUUSD,5190.890,5190.850
2026-02-26 23:41:40.021,XAUUSD,5190.890,5190.850
2026-02-26 23:41:41.015,XAUUSD,5190.890,5190.850
2026-02-26 23:41:42.010,XAUUSD,5190.890,5190.850
2026-02-26 23:41:43.039,XAUUSD,5190.890,5190.850
2026-02-26 23:41:44.025,XAUUSD,5190.890,5190.850
2026-02-26 23:41:45.022,XAUUSD,5190.890,5190.850
2026-02-26 23:41:46.020,XAUUSD,5190.890,5190.850
2026-02-26 23:41:47.013,XAUUSD,5190.890,5190.850
2026-02-26 23:41:48.033,XAUUSD,5190.890,5190.850
2026-02-26 23:41:49.018,XAUUSD,5190.890,5190.850
2026-02-26 23:41:50.016,XAUUSD,5190.890,5190.850
2026-02-26 23:41:51.012,XAUUSD,5190.890,5190.850
2026-02-26 23:41:52.022,XAUUSD,5190.890,5190.850
2026-02-26 23:41:53.025,XAUUSD,5190.890,5190.850
2026-02-26 23:41:54.023,XAUUSD,5190.890,5190.850
2026-02-26 23:41:55.025,XAUUSD,5190.890,5190.850
2026-02-26 23:41:56.057,XAUUSD,5190.890,5190.850
2026-02-26 23:41:57.023,XAUUSD,5190.890,5190.850
2026-02-26 23:41:58.024,XAUUSD,5190.890,5190.850
2026-02-26 23:41:59.030,XAUUSD,5190.890,5190.850
2026-02-26 23:42:00.024,XAUUSD,5190.890,5190.850
2026-02-26 23:42:01.026,XAUUSD,5190.890,5190.850
2026-02-26 23:42:02.031,XAUUSD,5190.890,5190.850
2026-02-26 23:42:03.015,XAUUSD,5190.890,5190.850
2026-02-26 23:42:04.012,XAUUSD,5190.890,5190.850
2026-02-26 23:42:05.012,XAUUSD,5190.890,5190.850
2026-02-26 23:42:06.008,XAUUSD,5190.890,5190.850
2026-02-26 23:42:07.009,XAUUSD,5190.890,5190.850
2026-02-26 23:42:08.026,XAUUSD,5190.890,5190.850
2026-02-26 23:42:09.029,XAUUSD,5190.890,5190.850
2026-02-26 23:42:10.010,XAUUSD,5190.890,5190.850
2026-02-26 23:42:11.016,XAUUSD,5190.890,5190.850
2026-02-26 23:42:12.022,XAUUSD,5190.890,5190.850
2026-02-26 23:42:13.019,XAUUSD,5190.890,5190.850
2026-02-26 23:42:14.027,XAUUSD,5190.890,5190.850
2026-02-26 23:42:15.044,XAUUSD,5190.890,5190.850
2026-02-26 23:42:16.031,XAUUSD,5190.890,5190.850
2026-02-26 23:42:17.020,XAUUSD,5190.890,5190.850
2026-02-26 23:42:18.017,XAUUSD,5190.890,5190.850
2026-02-26 23:42:19.023,XAUUSD,5190.890,5190.850
2026-02-26 23:42:20.018,XAUUSD,5190.890,5190.850
2026-02-26 23:42:21.011,XAUUSD,5190.890,5190.850
2026-02-26 23:42:22.014,XAUUSD,5190.890,5190.850
2026-02-26 23:42:23.011,XAUUSD,5190.890,5190.850
2026-02-26 23:42:24.007,XAUUSD,5190.890,5190.850
2026-02-26 23:42:25.023,XAUUSD,5190.890,5190.850
2026-02-26 23:42:26.014,XAUUSD,5190.890,5190.850
2026-02-26 23:42:27.014,XAUUSD,5190.890,5190.850
2026-02-26 23:42:28.020,XAUUSD,5190.890,5190.850
2026-02-26 23:42:29.027,XAUUSD,5190.890,5190.850
2026-02-26 23:42:30.022,XAUUSD,5190.890,5190.850
2026-02-26 23:42:31.024,XAUUSD,5190.890,5190.850
2026-02-26 23:42:32.027,XAUUSD,5190.890,5190.850
2026-02-26 23:42:33.024,XAUUSD,5190.890,5190.850
2026-02-26 23:42:34.024,XAUUSD,5190.890,5190.850
2026-02-26 23:42:35.021,XAUUSD,5190.890,5190.850
2026-02-26 23:42:36.019,XAUUSD,5190.890,5190.850
2026-02-26 23:42:37.025,XAUUSD,5190.890,5190.850
2026-02-26 23:42:38.022,XAUUSD,5190.890,5190.850
2026-02-26 23:42:39.024,XAUUSD,5190.890,5190.850
2026-02-26 23:42:40.018,XAUUSD,5190.890,5190.850
2026-02-26 23:42:41.019,XAUUSD,5190.890,5190.850
2026-02-26 23:42:42.017,XAUUSD,5190.890,5190.850
2026-02-26 23:42:43.023,XAUUSD,5190.890,5190.850
2026-02-26 23:42:44.017,XAUUSD,5190.890,5190.850
2026-02-26 23:42:45.013,XAUUSD,5190.890,5190.850
2026-02-26 23:42:46.014,XAUUSD,5190.890,5190.850
2026-02-26 23:42:47.018,XAUUSD,5190.890,5190.850
2026-02-26 23:42:48.025,XAUUSD,5190.890,5190.850
2026-02-26 23:42:49.045,XAUUSD,5190.890,5190.850
2026-02-26 23:42:50.035,XAUUSD,5190.890,5190.850
2026-02-26 23:42:51.016,XAUUSD,5190.890,5190.850
2026-02-26 23:42:52.010,XAUUSD,5190.890,5190.850
2026-02-26 23:42:53.024,XAUUSD,5190.890,5190.850
2026-02-26 23:42:54.031,XAUUSD,5190.890,5190.850
2026-02-26 23:42:55.025,XAUUSD,5190.890,5190.850
2026-02-26 23:42:56.014,XAUUSD,5190.890,5190.850
2026-02-26 23:42:57.009,XAUUSD,5190.890,5190.850
2026-02-26 23:42:58.021,XAUUSD,5190.890,5190.850
2026-02-26 23:42:59.017,XAUUSD,5190.890,5190.850
2026-02-26 23:43:00.015,XAUUSD,5190.890,5190.850
2026-02-26 23:43:01.011,XAUUSD,5190.890,5190.850
2026-02-26 23:43:02.012,XAUUSD,5190.890,5190.850
2026-02-26 23:43:03.021,XAUUSD,5190.890,5190.850
2026-02-26 23:43:04.023,XAUUSD,5190.890,5190.850
2026-02-26 23:43:05.018,XAUUSD,5190.890,5190.850
2026-02-26 23:43:06.018,XAUUSD,5190.890,5190.850
2026-02-26 23:43:07.026,XAUUSD,5190.890,5190.850
2026-02-26 23:43:08.021,XAUUSD,5190.890,5190.850
2026-02-26 23:43:09.017,XAUUSD,5190.890,5190.850
2026-02-26 23:43:10.019,XAUUSD,5190.890,5190.850
2026-02-26 23:43:11.017,XAUUSD,5190.890,5190.850
2026-02-26 23:43:12.030,XAUUSD,5190.890,5190.850
2026-02-26 23:43:13.018,XAUUSD,5190.890,5190.850
2026-02-26 23:43:14.029,XAUUSD,5190.890,5190.850
2026-02-26 23:43:15.020,XAUUSD,5190.890,5190.850
2026-02-26 23:43:16.030,XAUUSD,5190.890,5190.850
2026-02-26 23:43:17.021,XAUUSD,5190.890,5190.850
2026-02-26 23:43:18.019,XAUUSD,5190.890,5190.850
2026-02-26 23:43:19.024,XAUUSD,5190.890,5190.850
2026-02-26 23:43:20.031,XAUUSD,5190.890,5190.850
2026-02-26 23:43:21.012,XAUUSD,5190.890,5190.850
2026-02-26 23:43:22.018,XAUUSD,5190.890,5190.850
2026-02-26 23:43:23.024,XAUUSD,5190.890,5190.850
2026-02-26 23:43:24.031,XAUUSD,5190.890,5190.850
2026-02-26 23:43:25.016,XAUUSD,5190.890,5190.850
2026-02-26 23:43:26.021,XAUUSD,5190.890,5190.850
2026-02-26 23:43:27.019,XAUUSD,5190.890,5190.850
2026-02-26 23:43:28.011,XAUUSD,5190.890,5190.850
2026-02-26 23:43:29.006,XAUUSD,5190.890,5190.850
2026-02-26 23:43:30.010,XAUUSD,5190.890,5190.850
2026-02-26 23:43:31.017,XAUUSD,5190.890,5190.850
2026-02-26 23:43:32.010,XAUUSD,5190.890,5190.850
2026-02-26 23:43:33.009,XAUUSD,5190.890,5190.850
2026-02-26 23:43:34.003,XAUUSD,5190.890,5190.850
2026-02-26 23:43:35.017,XAUUSD,5190.890,5190.850
2026-02-26 23:43:36.012,XAUUSD,5190.890,5190.850
2026-02-26 23:43:37.012,XAUUSD,5190.890,5190.850
2026-02-26 23:43:38.020,XAUUSD,5190.890,5190.850
2026-02-26 23:43:39.021,XAUUSD,5190.890,5190.850
2026-02-26 23:43:40.020,XAUUSD,5190.890,5190.850
2026-02-26 23:43:41.019,XAUUSD,5190.890,5190.850
2026-02-26 23:43:42.018,XAUUSD,5190.890,5190.850
2026-02-26 23:43:43.022,XAUUSD,5190.890,5190.850
2026-02-26 23:43:44.018,XAUUSD,5190.890,5190.850
2026-02-26 23:43:45.014,XAUUSD,5190.890,5190.850
2026-02-26 23:43:46.011,XAUUSD,5190.890,5190.850
2026-02-26 23:43:47.011,XAUUSD,5190.890,5190.850
2026-02-26 23:43:48.011,XAUUSD,5190.890,5190.850
2026-02-26 23:43:49.006,XAUUSD,5190.890,5190.850
2026-02-26 23:43:50.028,XAUUSD,5190.890,5190.850
2026-02-26 23:43:51.028,XAUUSD,5190.890,5190.850
2026-02-26 23:43:52.012,XAUUSD,5190.890,5190.850
2026-02-26 23:43:53.005,XAUUSD,5190.890,5190.850
2026-02-26 23:43:54.018,XAUUSD,5190.890,5190.850
2026-02-26 23:43:55.012,XAUUSD,5190.890,5190.850
2026-02-26 23:43:56.019,XAUUSD,5190.890,5190.850
2026-02-26 23:43:57.022,XAUUSD,5190.890,5190.850
2026-02-26 23:43:58.017,XAUUSD,5190.890,5190.850
2026-02-26 23:43:59.019,XAUUSD,5190.890,5190.850
2026-02-26 23:44:00.011,XAUUSD,5190.890,5190.850
2026-02-26 23:44:01.018,XAUUSD,5190.890,5190.850
2026-02-26 23:44:02.013,XAUUSD,5190.890,5190.850
2026-02-26 23:44:03.017,XAUUSD,5190.890,5190.850
2026-02-26 23:44:04.002,XAUUSD,5190.890,5190.850
2026-02-26 23:44:05.005,XAUUSD,5190.890,5190.850
2026-02-26 23:44:06.019,XAUUSD,5190.890,5190.850
2026-02-26 23:44:07.015,XAUUSD,5190.890,5190.850
2026-02-26 23:44:08.011,XAUUSD,5190.890,5190.850
2026-02-26 23:44:09.009,XAUUSD,5190.890,5190.850
2026-02-26 23:44:10.013,XAUUSD,5190.890,5190.850
2026-02-26 23:44:11.014,XAUUSD,5190.890,5190.850
2026-02-26 23:44:12.008,XAUUSD,5190.890,5190.850
2026-02-26 23:44:13.017,XAUUSD,5190.890,5190.850
2026-02-26 23:44:14.006,XAUUSD,5190.890,5190.850
2026-02-26 23:44:15.010,XAUUSD,5190.890,5190.850
2026-02-26 23:44:16.008,XAUUSD,5190.890,5190.850
2026-02-26 23:44:17.011,XAUUSD,5190.890,5190.850
2026-02-26 23:44:18.014,XAUUSD,5190.890,5190.850
2026-02-26 23:44:19.015,XAUUSD,5190.890,5190.850
2026-02-26 23:44:20.010,XAUUSD,5190.890,5190.850
2026-02-26 23:44:21.007,XAUUSD,5190.890,5190.850
2026-02-26 23:44:21.999,XAUUSD,5190.890,5190.850
2026-02-26 23:44:23.017,XAUUSD,5190.890,5190.850
2026-02-26 23:44:24.010,XAUUSD,5190.890,5190.850
2026-02-26 23:44:25.008,XAUUSD,5190.890,5190.850
2026-02-26 23:44:26.006,XAUUSD,5190.890,5190.850
2026-02-26 23:44:27.024,XAUUSD,5190.890,5190.850
2026-02-26 23:44:28.025,XAUUSD,5190.890,5190.850
2026-02-26 23:44:29.015,XAUUSD,5190.890,5190.850
2026-02-26 23:44:30.006,XAUUSD,5190.890,5190.850
2026-02-26 23:44:31.014,XAUUSD,5190.890,5190.850
2026-02-26 23:44:32.022,XAUUSD,5190.890,5190.850
2026-02-26 23:44:33.032,XAUUSD,5190.890,5190.850
2026-02-26 23:44:34.010,XAUUSD,5190.890,5190.850
2026-02-26 23:44:35.014,XAUUSD,5190.890,5190.850
2026-02-26 23:44:36.013,XAUUSD,5190.890,5190.850
2026-02-26 23:44:37.017,XAUUSD,5190.890,5190.850
2026-02-26 23:44:38.007,XAUUSD,5190.890,5190.850
2026-02-26 23:44:39.013,XAUUSD,5190.890,5190.850
2026-02-26 23:44:40.001,XAUUSD,5190.890,5190.850
2026-02-26 23:44:41.017,XAUUSD,5190.890,5190.850
2026-02-26 23:44:42.019,XAUUSD,5190.890,5190.850
2026-02-26 23:44:43.019,XAUUSD,5190.890,5190.850
2026-02-26 23:44:44.013,XAUUSD,5190.890,5190.850
2026-02-26 23:44:45.010,XAUUSD,5190.890,5190.850
2026-02-26 23:44:46.014,XAUUSD,5190.890,5190.850
2026-02-26 23:44:47.012,XAUUSD,5190.890,5190.850
2026-02-26 23:44:48.021,XAUUSD,5190.890,5190.850
2026-02-26 23:44:49.025,XAUUSD,5190.890,5190.850
2026-02-26 23:44:50.012,XAUUSD,5190.890,5190.850
2026-02-26 23:44:51.009,XAUUSD,5190.890,5190.850
2026-02-26 23:44:52.005,XAUUSD,5190.890,5190.850
2026-02-26 23:44:53.014,XAUUSD,5190.890,5190.850
2026-02-26 23:44:54.025,XAUUSD,5190.890,5190.850
2026-02-26 23:44:55.021,XAUUSD,5190.890,5190.850
2026-02-26 23:44:56.019,XAUUSD,5190.890,5190.850
2026-02-26 23:44:57.021,XAUUSD,5190.890,5190.850
2026-02-26 23:45:02.287,XAUUSD,5190.890,5190.850
2026-02-26 23:45:03.348,XAUUSD,5190.890,5190.850
2026-02-26 23:45:04.363,XAUUSD,5190.890,5190.850
2026-02-26 23:45:05.368,XAUUSD,5190.890,5190.850
2026-02-26 23:45:06.369,XAUUSD,5190.890,5190.850
2026-02-26 23:45:07.358,XAUUSD,5190.890,5190.850
2026-02-26 23:45:08.359,XAUUSD,5190.890,5190.850
2026-02-26 23:45:09.361,XAUUSD,5190.890,5190.850
2026-02-26 23:45:10.374,XAUUSD,5190.890,5190.850
2026-02-26 23:45:11.357,XAUUSD,5190.890,5190.850
2026-02-26 23:45:12.374,XAUUSD,5190.890,5190.850
2026-02-26 23:45:13.369,XAUUSD,5190.890,5190.850
2026-02-26 23:45:14.377,XAUUSD,5190.890,5190.850
2026-02-26 23:45:15.356,XAUUSD,5190.890,5190.850
2026-02-26 23:45:16.352,XAUUSD,5190.890,5190.850
2026-02-26 23:45:17.362,XAUUSD,5190.890,5190.850
2026-02-26 23:45:18.361,XAUUSD,5190.890,5190.850
2026-02-26 23:45:19.353,XAUUSD,5190.890,5190.850
2026-02-26 23:45:20.368,XAUUSD,5190.890,5190.850
2026-02-26 23:45:21.369,XAUUSD,5190.890,5190.850
2026-02-26 23:45:22.371,XAUUSD,5190.890,5190.850
2026-02-26 23:45:23.362,XAUUSD,5190.890,5190.850
2026-02-26 23:45:24.354,XAUUSD,5190.890,5190.850
2026-02-26 23:45:25.359,XAUUSD,5190.890,5190.850
2026-02-26 23:45:26.357,XAUUSD,5190.890,5190.850
2026-02-26 23:45:27.349,XAUUSD,5190.890,5190.850
2026-02-26 23:45:28.368,XAUUSD,5190.890,5190.850
2026-02-26 23:45:29.368,XAUUSD,5190.890,5190.850
2026-02-26 23:45:30.370,XAUUSD,5190.890,5190.850
2026-02-26 23:45:31.369,XAUUSD,5190.890,5190.850
2026-02-26 23:45:32.355,XAUUSD,5190.890,5190.850
2026-02-26 23:45:33.369,XAUUSD,5190.890,5190.850
2026-02-26 23:45:34.374,XAUUSD,5190.890,5190.850
2026-02-26 23:45:35.360,XAUUSD,5190.890,5190.850
2026-02-26 23:45:36.363,XAUUSD,5190.890,5190.850
2026-02-26 23:45:37.389,XAUUSD,5190.890,5190.850
2026-02-26 23:45:38.477,XAUUSD,5190.890,5190.850
2026-02-26 23:45:39.360,XAUUSD,5190.890,5190.850
2026-02-26 23:45:40.359,XAUUSD,5190.890,5190.850
2026-02-26 23:45:41.358,XAUUSD,5190.890,5190.850
2026-02-26 23:45:42.360,XAUUSD,5190.890,5190.850
2026-02-26 23:45:43.361,XAUUSD,5190.890,5190.850
2026-02-26 23:45:44.361,XAUUSD,5190.890,5190.850
2026-02-26 23:45:45.362,XAUUSD,5190.890,5190.850
2026-02-26 23:45:46.359,XAUUSD,5190.890,5190.850
2026-02-26 23:45:47.354,XAUUSD,5190.890,5190.850
2026-02-26 23:45:48.356,XAUUSD,5190.890,5190.850
2026-02-26 23:45:49.357,XAUUSD,5190.890,5190.850
2026-02-26 23:45:50.354,XAUUSD,5190.890,5190.850
2026-02-26 23:45:51.354,XAUUSD,5190.890,5190.850
2026-02-26 23:45:52.370,XAUUSD,5190.890,5190.850
2026-02-26 23:45:53.368,XAUUSD,5190.890,5190.850
2026-02-26 23:45:54.355,XAUUSD,5190.890,5190.850
2026-02-26 23:45:55.373,XAUUSD,5190.890,5190.850
2026-02-26 23:45:56.372,XAUUSD,5190.890,5190.850
2026-02-26 23:45:57.380,XAUUSD,5190.890,5190.850
2026-02-26 23:45:58.344,XAUUSD,5190.890,5190.850
2026-02-26 23:45:59.356,XAUUSD,5190.890,5190.850
2026-02-26 23:46:00.360,XAUUSD,5190.890,5190.850
2026-02-26 23:46:01.359,XAUUSD,5190.890,5190.850
2026-02-26 23:46:02.351,XAUUSD,5190.890,5190.850
2026-02-26 23:46:03.346,XAUUSD,5190.890,5190.850
2026-02-26 23:46:04.358,XAUUSD,5190.890,5190.850
2026-02-26 23:46:05.366,XAUUSD,5190.890,5190.850
2026-02-26 23:46:06.353,XAUUSD,5190.890,5190.850
2026-02-26 23:46:07.361,XAUUSD,5190.890,5190.850
2026-02-26 23:46:08.358,XAUUSD,5190.890,5190.850
2026-02-26 23:46:09.360,XAUUSD,5190.890,5190.850
2026-02-26 23:46:10.354,XAUUSD,5190.890,5190.850
2026-02-26 23:46:11.352,XAUUSD,5190.890,5190.850
2026-02-26 23:46:12.353,XAUUSD,5190.890,5190.850
2026-02-26 23:46:13.351,XAUUSD,5190.890,5190.850
2026-02-26 23:46:14.354,XAUUSD,5190.890,5190.850
2026-02-26 23:46:15.361,XAUUSD,5190.890,5190.850
2026-02-26 23:46:16.365,XAUUSD,5190.890,5190.850
2026-02-26 23:46:17.359,XAUUSD,5190.890,5190.850
2026-02-26 23:46:18.368,XAUUSD,5190.890,5190.850
2026-02-26 23:46:19.366,XAUUSD,5190.890,5190.850
2026-02-26 23:46:20.369,XAUUSD,5190.890,5190.850
2026-02-26 23:46:21.381,XAUUSD,5190.890,5190.850
2026-02-26 23:46:22.354,XAUUSD,5190.890,5190.850
2026-02-26 23:46:23.352,XAUUSD,5190.890,5190.850
2026-02-26 23:46:24.363,XAUUSD,5190.890,5190.850
2026-02-26 23:46:25.368,XAUUSD,5190.890,5190.850
2026-02-26 23:46:26.379,XAUUSD,5190.890,5190.850
2026-02-26 23:46:27.363,XAUUSD,5190.890,5190.850
2026-02-26 23:46:28.349,XAUUSD,5190.890,5190.850
2026-02-26 23:46:29.360,XAUUSD,5190.890,5190.850
2026-02-26 23:46:30.356,XAUUSD,5190.890,5190.850
2026-02-26 23:46:31.355,XAUUSD,5190.890,5190.850
2026-02-26 23:46:32.353,XAUUSD,5190.890,5190.850
2026-02-26 23:46:33.350,XAUUSD,5190.890,5190.850
2026-02-26 23:50:26.460,XAUUSD,5190.890,5190.850
2026-02-26 23:50:27.475,XAUUSD,5190.890,5190.850
2026-02-26 23:50:28.486,XAUUSD,5190.890,5190.850
2026-02-26 23:50:29.480,XAUUSD,5190.890,5190.850
2026-02-26 23:50:30.479,XAUUSD,5190.890,5190.850
2026-02-26 23:50:31.476,XAUUSD,5190.890,5190.850
2026-02-26 23:50:32.474,XAUUSD,5190.890,5190.850
2026-02-26 23:50:33.492,XAUUSD,5190.890,5190.850
2026-02-26 23:50:34.488,XAUUSD,5190.890,5190.850
2026-02-26 23:50:35.487,XAUUSD,5190.890,5190.850
2026-02-26 23:50:36.489,XAUUSD,5190.890,5190.850
2026-02-26 23:50:37.485,XAUUSD,5190.890,5190.850
2026-02-26 23:50:38.482,XAUUSD,5190.890,5190.850
2026-02-26 23:50:39.476,XAUUSD,5190.890,5190.850
2026-02-26 23:50:40.481,XAUUSD,5190.890,5190.850
2026-02-26 23:50:41.473,XAUUSD,5190.890,5190.850
2026-02-26 23:50:42.497,XAUUSD,5190.890,5190.850
2026-02-26 23:50:43.482,XAUUSD,5190.890,5190.850
2026-02-26 23:50:44.479,XAUUSD,5190.890,5190.850
2026-02-26 23:50:45.497,XAUUSD,5190.890,5190.850
2026-02-26 23:50:46.496,XAUUSD,5190.890,5190.850
2026-02-26 23:50:47.493,XAUUSD,5190.890,5190.850
2026-02-26 23:50:48.482,XAUUSD,5190.890,5190.850
2026-02-26 23:50:49.476,XAUUSD,5190.890,5190.850
2026-02-26 23:50:50.477,XAUUSD,5190.890,5190.850
2026-02-26 23:50:51.492,XAUUSD,5190.890,5190.850
2026-02-26 23:50:52.482,XAUUSD,5190.890,5190.850
2026-02-26 23:50:53.475,XAUUSD,5190.890,5190.850
2026-02-26 23:50:54.487,XAUUSD,5190.890,5190.850
2026-02-26 23:50:55.485,XAUUSD,5190.890,5190.850
2026-02-26 23:50:56.482,XAUUSD,5190.890,5190.850
2026-02-26 23:50:57.481,XAUUSD,5190.890,5190.850
2026-02-26 23:50:58.478,XAUUSD,5190.890,5190.850
2026-02-26 23:50:59.477,XAUUSD,5190.890,5190.850
2026-02-26 23:51:00.488,XAUUSD,5190.890,5190.850
2026-02-26 23:51:01.470,XAUUSD,5190.890,5190.850
2026-02-26 23:51:02.475,XAUUSD,5190.890,5190.850
